{
"file_sizes": [1024, 4096, 16384, 65536, 262144, 1048576, 4194304, 16777216, 67108864, 268435456, 1073741824],
"cpu_std_enc": [3.079195, 11.971039, 45.906914, 188.784103, 732.325867, 2931.224365, 11711.596680],
"cpu_std_dec": [3.108251, 12.078288, 52.210434, 193.433380, 772.556702, 3068.216797, 12334.285156],
"cpu_fast_enc": [0.015757, 0.067179, 0.345805, 0.964621, 3.871546, 15.487379, 62.013371, 257.348755, 1027.417480, 4117.961914],
"cpu_fast_dec": [0.016306, 0.063574, 0.356972, 1.011278, 4.060974, 16.380157, 65.190697, 268.849182, 1078.158325, 4356.833496],
"gpu_all_constant_enc": [0.961152, 0.159872, 0.282240, 0.739328, 2.673120, 10.762208, 41.976158, 164.955322, 658.298340, 2629.709961, 11108.060547],
"gpu_all_constant_dec": [0.131360, 0.142976, 0.246464, 0.718464, 2.769856, 11.137088, 43.761826, 173.107803, 690.639160, 2758.261230, 11626.776367],
"gpu_all_shared_enc": [0.098240, 0.078688, 0.102016, 0.124864, 0.502528, 1.166400, 3.784256, 13.799456, 53.600674, 211.454651, 840.467834],
"gpu_all_shared_dec": [0.107136, 0.086624, 0.097952, 0.116320, 0.311104, 1.151520, 3.705280, 13.843520, 53.910336, 213.327194, 848.476135],
"gpu_warp_shuffle_enc": [0.113728, 0.085472, 0.110656, 0.120288, 0.339936, 1.193920, 3.694816, 14.039520, 54.616001, 216.689850, 869.372620],
"gpu_warp_shuffle_dec": [0.110368, 0.081792, 0.102752, 0.123424, 0.308288, 1.175616, 3.765920, 14.173280, 55.632767, 218.602264, 872.731628]
}
