{
"file_sizes": [1024, 4096, 16384, 65536, 262144, 1048576, 4194304, 16777216, 67108864, 268435456, 1073741824],
"cpu_std_enc": [2.871663, 11.518256, 45.585712, 189.360580, 737.333130, 2915.053467, 11670.641602],
"cpu_std_dec": [2.970741, 11.390203, 48.194843, 182.415207, 726.419434, 2914.202393, 11662.610352],
"cpu_fast_enc": [0.015540, 0.060421, 0.342260, 0.967491, 3.907975, 15.519988, 61.862385, 257.222626, 1026.746704, 4113.908203],
"cpu_fast_dec": [0.016202, 0.063051, 0.373301, 1.023164, 4.036581, 16.194647, 65.005547, 268.355194, 1080.679443, 4376.798340],
"gpu_all_global_enc": [0.848480, 0.101536, 0.156416, 0.182880, 0.375040, 1.371424, 3.986880, 15.077184, 58.286655, 232.800354, 1513.525269],
"gpu_all_global_dec": [0.104320, 0.077952, 0.126208, 0.129664, 0.552480, 1.307680, 3.891968, 14.915648, 58.291039, 232.126495, 1528.600464],
"gpu_all_shared_enc": [0.089216, 0.075872, 0.119264, 0.121696, 0.321472, 1.100640, 3.484736, 13.613792, 52.970207, 211.506042, 841.549744],
"gpu_all_shared_dec": [0.090336, 0.075872, 0.119136, 0.128864, 0.296928, 1.109312, 3.502816, 13.668128, 53.214592, 213.833572, 849.350159],
"gpu_warp_shuffle_enc": [0.096544, 0.077056, 0.129952, 0.121024, 0.305824, 1.104416, 3.554016, 13.980288, 54.319874, 216.750458, 861.757019],
"gpu_warp_shuffle_dec": [0.092352, 0.074368, 0.117280, 0.132640, 0.445056, 1.156896, 3.665344, 13.948704, 54.690495, 218.078308, 880.180969]
}
